{
  "dqn": {
    "avg_reward": 34.326000000000064,
    "std_reward": 73.62749706461584,
    "min_reward": -58.9,
    "max_reward": 268.0,
    "success_rate": 0.66,
    "avg_false_positives": 0.14,
    "avg_contained": 0.54
  },
  "random": {
    "avg_reward": -644.307000000001,
    "std_reward": 155.65442702024288
  },
  "threshold": {
    "avg_reward": 10.37300000000004,
    "std_reward": 63.270605900370576
  },
  "snort": {
    "avg_reward": -2.0849999999999898,
    "std_reward": 60.28700751405733
  },
  "nist_800_61": {
    "avg_reward": 11.903000000000047,
    "std_reward": 67.17999472313176
  },
  "mitre_attack": {
    "avg_reward": 7.482000000000029,
    "std_reward": 60.69377131139576
  },
  "do_nothing": {
    "avg_reward": 2.445000000000026,
    "std_reward": 64.98685463230241
  },
  "random_test": {
    "statistic": 39.21437374380661,
    "p_value": 8.68729873402135e-78,
    "effect_size": 5.54574991884587,
    "is_significant": true
  },
  "threshold_test": {
    "statistic": 2.4550241807275484,
    "p_value": 0.014970229075537361,
    "effect_size": 0.3471928492338796,
    "is_significant": true
  },
  "snort_test": {
    "statistic": 3.807090745758561,
    "p_value": 0.00018945661886321725,
    "effect_size": 0.5384039365836858,
    "is_significant": true
  },
  "nist_800_61_test": {
    "statistic": 2.2384414471690195,
    "p_value": 0.026314989318306836,
    "effect_size": 0.3165634253164485,
    "is_significant": true
  },
  "mitre_attack_test": {
    "statistic": 2.7991811235690993,
    "p_value": 0.0056489978931617115,
    "effect_size": 0.39586399084901785,
    "is_significant": true
  },
  "do_nothing_test": {
    "statistic": 3.230086747854023,
    "p_value": 0.001452446655795113,
    "effect_size": 0.4568032486456764,
    "is_significant": true
  }
}